



CREATE TABLE DEPARTMENTS(
    ID          BIGINT          PRIMARY KEY, 
    `NAME`      VARCHAR(255)    NULL
);


INSERT INTO DEPARTMENTS(ID, `NAME`) VALUES (1, "Operations");
INSERT INTO DEPARTMENTS(ID, `NAME`) VALUES (2, "Accounting");
INSERT INTO DEPARTMENTS(ID, `NAME`) VALUES (3, "Finance");
INSERT INTO DEPARTMENTS(ID, `NAME`) VALUES (4, "IT");
INSERT INTO DEPARTMENTS(ID, `NAME`) VALUES (5, "Human Resource");



CREATE TABLE EMPLOYEES(
    ID                  BIGINT          AUTO_INCREMENT      PRIMARY KEY,
    `NAME`              VARCHAR(255)    NULL,
    DEPARTMENT_ID       BIGINT          ,
    CONSTRAINT fk_c_department FOREIGN KEY (DEPARTMENT_ID) REFERENCES DEPARTMENTS(ID)       
);

INSERT INTO EMPLOYEES(ID, `NAME`) VALUES (1, "Zack");
INSERT INTO EMPLOYEES(ID, `NAME`) VALUES (2, "Xena");
INSERT INTO EMPLOYEES(ID, `NAME`) VALUES (3, "Apple");
INSERT INTO EMPLOYEES(ID, `NAME`) VALUES (4, "Blueberry");
INSERT INTO EMPLOYEES(ID, `NAME`) VALUES (5, "Lemon Lee");
INSERT INTO EMPLOYEES(ID, `NAME`) VALUES (6, "Dragon Fruit King");
INSERT INTO EMPLOYEES(ID, `NAME`) VALUES (7, "Kick Boxing");
INSERT INTO EMPLOYEES(ID, `NAME`) VALUES (8, "Fly Boxing");
INSERT INTO EMPLOYEES(ID, `NAME`) VALUES (9, "ENTER THE DRAGON");
INSERT INTO EMPLOYEES(ID, `NAME`) VALUES (10, "EXIT THE SNAIL");


CREATE TABLE COURSES(
    ID                      BIGINT          ,
    `NAME`                  VARCHAR(255)    ,
    STARTS                  DATE            ,
    DURATION_IN_MONTHS      FLOAT           ,
    EMPLOYEE_ID             BIGINT          ,

    CONSTRAINT fk_c_employee FOREIGN KEY (EMPLOYEE_ID) REFERENCES EMPLOYEES(ID)          
);

INSERT INTO COURSES(ID, `NAME`, STARTS, DURATION_IN_MONTHS, EMPLOYEE_ID) VALUES (1, "English", '1980-01-01', '6.0', 4);
INSERT INTO COURSES(ID, `NAME`, STARTS, DURATION_IN_MONTHS, EMPLOYEE_ID) VALUES (2, "Chinese", '2015-12-01', '5.0', 3);
INSERT INTO COURSES(ID, `NAME`, STARTS, DURATION_IN_MONTHS, EMPLOYEE_ID) VALUES (3, "French", '2010-11-05', '6.0', 3);
INSERT INTO COURSES(ID, `NAME`, STARTS, DURATION_IN_MONTHS, EMPLOYEE_ID) VALUES (4, "Siamese", '2013-11-05', '11.0', 1);
INSERT INTO COURSES(ID, `NAME`, STARTS, DURATION_IN_MONTHS, EMPLOYEE_ID) VALUES (5, "Russian", '2020-04-05', '2.0', 1);


CREATE TABLE PROJECTS(
    ID                      BIGINT          PRIMARY KEY,
    `NAME`                  VARCHAR(255)               
);


INSERT INTO PROJECTS(ID, `NAME`) VALUES (1, "Project A");
INSERT INTO PROJECTS(ID, `NAME`) VALUES (2, "Project B");
INSERT INTO PROJECTS(ID, `NAME`) VALUES (3, "Project C");
INSERT INTO PROJECTS(ID, `NAME`) VALUES (4, "Project D");
INSERT INTO PROJECTS(ID, `NAME`) VALUES (5, "Project E");



CREATE TABLE EMPLOYEES_PROJECTS(
    EMPLOYEE_ID             BIGINT,
    PROJECT_ID              BIGINT,

    PRIMARY KEY(EMPLOYEE_ID, PROJECT_ID),
    CONSTRAINT fk_ep_employee FOREIGN KEY (EMPLOYEE_ID) REFERENCES EMPLOYEES(ID),
    CONSTRAINT fk_ep_projects FOREIGN KEY (PROJECT_ID) REFERENCES PROJECTS(ID)
);



INSERT INTO EMPLOYEES_PROJECTS(EMPLOYEE_ID, PROJECT_ID) VALUES (4, 3);
INSERT INTO EMPLOYEES_PROJECTS(EMPLOYEE_ID, PROJECT_ID) VALUES (5, 4);
INSERT INTO EMPLOYEES_PROJECTS(EMPLOYEE_ID, PROJECT_ID) VALUES (1, 4);
INSERT INTO EMPLOYEES_PROJECTS(EMPLOYEE_ID, PROJECT_ID) VALUES (2, 4);
INSERT INTO EMPLOYEES_PROJECTS(EMPLOYEE_ID, PROJECT_ID) VALUES (3, 4);
INSERT INTO EMPLOYEES_PROJECTS(EMPLOYEE_ID, PROJECT_ID) VALUES (1, 1);
INSERT INTO EMPLOYEES_PROJECTS(EMPLOYEE_ID, PROJECT_ID) VALUES (2, 1);
INSERT INTO EMPLOYEES_PROJECTS(EMPLOYEE_ID, PROJECT_ID) VALUES (3, 1);
INSERT INTO EMPLOYEES_PROJECTS(EMPLOYEE_ID, PROJECT_ID) VALUES (7, 2);
INSERT INTO EMPLOYEES_PROJECTS(EMPLOYEE_ID, PROJECT_ID) VALUES (8, 2);
INSERT INTO EMPLOYEES_PROJECTS(EMPLOYEE_ID, PROJECT_ID) VALUES (9, 2);